{
  "hardcode_example.py": {
    "file_hash": "d13ec53f6c660d8f7456e89e7f219ab2",
    "last_modified": 1755666715.074273,
    "violations": [],
    "created_at": 1755666768.9790914
  },
  "hardcode_fixed_example.py": {
    "file_hash": "d91531b400ebbfc790c6adea1114bea7",
    "last_modified": 1755666751.7678616,
    "violations": [],
    "created_at": 1755666768.979127
  },
  "real-world-scenarios/full-workflow-demo.py": {
    "file_hash": "374ba040a8d59c568eb0ffc658ef21b5",
    "last_modified": 1755665328.402309,
    "violations": [],
    "created_at": 1755666768.9791658
  }
}